feature,mean_abs_shap
spectral_contrast_mean_band_6,0.19330415182356783
f0_max_hz,0.028165950579894922
spectral_contrast_mean_band_4,0.02289426565379428
unvoiced_frame_ratio,0.008670213685486544
f0_std_hz,0.00800748175838354
speaking_activity_ratio,0.00389490265483146
spectral_bandwidth_mean,0.0
spectral_bandwidth_std,0.0
spectral_contrast_mean_band_0,0.0
spectral_rolloff_mean,0.0
spectral_rolloff_std,0.0
spectral_centroid_std,0.0
spectral_flatness_mean,0.0
spectral_centroid_mean,0.0
spectral_flatness_std,0.0
zcr_mean,0.0
zcr_std,0.0
spectral_contrast_mean_band_3,0.0
spectral_contrast_mean_band_1,0.0
spectral_contrast_mean_band_2,0.0
